npw,nband,sparsity,mpi_procs,omp_threads,time_ms,max_error
Running main() from /croot/yaml-cpp-split_1714510678659/work/test/gtest-1.11.0/googletest/src/gtest_main.cc
[==========] Running 0 tests from 0 test suites.
[==========] 0 tests from 0 test suites ran. (0 ms total)
[  PASSED  ] 0 tests.
Running main() from /croot/yaml-cpp-split_1714510678659/work/test/gtest-1.11.0/googletest/src/gtest_main.cc
[==========] Running 0 tests from 0 test suites.
[==========] 0 tests from 0 test suites ran. (0 ms total)
[  PASSED  ] 0 tests.
Running main() from /croot/yaml-cpp-split_1714510678659/work/test/gtest-1.11.0/googletest/src/gtest_main.cc
[==========] Running 0 tests from 0 test suites.
[==========] 0 tests from 0 test suites ran. (0 ms total)
[  PASSED  ] 0 tests.
Running main() from /croot/yaml-cpp-split_1714510678659/work/test/gtest-1.11.0/googletest/src/gtest_main.cc
[==========] Running 0 tests from 0 test suites.
[==========] 0 tests from 0 test suites ran. (0 ms total)
[  PASSED  ] 0 tests.
Running main() from /croot/yaml-cpp-split_1714510678659/work/test/gtest-1.11.0/googletest/src/gtest_main.cc
[==========] Running 0 tests from 0 test suites.
[==========] 0 tests from 0 test suites ran. (0 ms total)
[  PASSED  ] 0 tests.
Running main() from /croot/yaml-cpp-split_1714510678659/work/test/gtest-1.11.0/googletest/src/gtest_main.cc
[==========] Running 0 tests from 0 test suites.
[==========] 0 tests from 0 test suites ran. (0 ms total)
[  PASSED  ] 0 tests.
Running main() from /croot/yaml-cpp-split_1714510678659/work/test/gtest-1.11.0/googletest/src/gtest_main.cc
[==========] Running 0 tests from 0 test suites.
[==========] 0 tests from 0 test suites ran. (0 ms total)
[  PASSED  ] 0 tests.
Running main() from /croot/yaml-cpp-split_1714510678659/work/test/gtest-1.11.0/googletest/src/gtest_main.cc
[==========] Running 0 tests from 0 test suites.
[==========] 0 tests from 0 test suites ran. (0 ms total)
[  PASSED  ] 0 tests.
Running main() from /croot/yaml-cpp-split_1714510678659/work/test/gtest-1.11.0/googletest/src/gtest_main.cc
[==========] Running 0 tests from 0 test suites.
[==========] 0 tests from 0 test suites ran. (0 ms total)
[  PASSED  ] 0 tests.
Running main() from /croot/yaml-cpp-split_1714510678659/work/test/gtest-1.11.0/googletest/src/gtest_main.cc
[==========] Running 0 tests from 0 test suites.
[==========] 0 tests from 0 test suites ran. (0 ms total)
[  PASSED  ] 0 tests.
Running main() from /croot/yaml-cpp-split_1714510678659/work/test/gtest-1.11.0/googletest/src/gtest_main.cc
[==========] Running 0 tests from 0 test suites.
[==========] 0 tests from 0 test suites ran. (0 ms total)
[  PASSED  ] 0 tests.
Running main() from /croot/yaml-cpp-split_1714510678659/work/test/gtest-1.11.0/googletest/src/gtest_main.cc
[==========] Running 0 tests from 0 test suites.
[==========] 0 tests from 0 test suites ran. (0 ms total)
[  PASSED  ] 0 tests.
